"id","name"
"6f4f09622255e9d9d76251b4","Lopez"
"aefd318f57227e4053f64191","Uribe"
"d1eb53be99fa263c10911af9","Petro"
"bb65250f1ff7582e4380a9c9","Uribe"
"0017570ee84b80e1c3e10218","Lopez"
"35117f12a1fb694d9976ffb8","Uribe"
"b26a6050f1c30d72f043469d","Lopez"
"5e35c323f47ad62eb7d7318b","Lopez"
"be72fc7211e13f812ae7a737","Uribe"
"9bf7b1ab1a27a2bf1c2a3955","Uribe"
"638ea5efedca643d8e425407","Petro"
"3d031f8c8e3eac7b82513b4e","Petro"
"a8f45063e24e992a15ef9cbc","Uribe"
"88ea2a376547d22070e888c8","Uribe"
"96a1d63f607e79613e09c7cc","Lopez"
"d04874bf520d892dbe2b8243","Petro"
"be7ccf26a4a5cf6d018cdef8","Petro"
"9c3bd65d820c3849779b4d94","Petro"
"9e1738f75777f561ee7d6291","Uribe"
"f8eb2999758aaef3d8a6a88b","Lopez"
"d50ae6d80827185a1c038b09","Petro"
"c4aa23195f293b2936fc4636","Lopez"
"5519d342e3bfc28f603c6743","Lopez"
"a1dd14e71efaa2b3f9dd411a","Petro"
"5bd62c99276d4ded94095ac3","Uribe"
"2f5ec22ee667b223f134b6a9","Lopez"
"856cc9aa870c57113749496b","Lopez"
"6da8a85e1e869deefcbb10de","Petro"
"cbb744a45c0a2050cc6d5d0d","Petro"
"a0cc0ca50387caed9627f701","Lopez"
"0cae934d2bdc5771e84f71d8","Lopez"
"54ce9e46e35faedec7b3aa5e","Petro"
"3bf2030a331ea7c7b9b5a35e","Uribe"
"5d69bf66a896c78a4afc8e51","Petro"
"dd1be09959f9c0ed3a33c984","Lopez"
"28e49059aeacec02c4f9c14a","Uribe"
"d489a1f045e0883e03baa658","Uribe"
"fb1f1aefe94611f50d08114c","Lopez"
"27fb3360ec551b754fcf409f","Uribe"
"b46a94c70c5c0cf0ed3c1ff5","Uribe"
"32361baba95419e025e350db","Petro"
"30ff288e06c117a4b0ac869d","Lopez"
"089f77d82ef51034c5785835","Uribe"
"19114825d8d1b083476af954","Lopez"
"d442415b7c84c56145f2eb7b","Petro"
"ab1574b134d7d73ed8ee2bd3","Uribe"
"32d66cdd66aa88763dc31e99","Petro"
"47624727a4d752814d7976a0","Uribe"
"abaeeea5f114a2ff3bd7d552","Uribe"
"f17e1c95696081f4eb9ebc8a","Lopez"
"8c969df40861d30376d9e995","Petro"
"0f3fda31df35feaca4454bf0","Lopez"
"7417d6a8268a7e8c3011ec60","Lopez"
"27acfc57d2b2c87ddd96be8f","Petro"
"b2a9281a0d44a43cf6546db1","Petro"
"5d31c6fe55665ae9971b5676","Lopez"
"9a19062df3d262516d0e0c39","Petro"
"f9f07c44e74ed060292e5f3e","Petro"
"b2752ac10100bb87f64946fe","Uribe"
"07c4f5abdd32ceb611f6519f","Lopez"
"a1cc8a57ba42f15604cee752","Uribe"
"2f682767c125e33cd80ffa77","Uribe"
"efdbaeaaf2577c3514332672","Petro"
"62ddb18327e2319a9b710bf6","Lopez"
"403daa8c218cf7114afffba7","Petro"
"8cbbfd8538989781385d31aa","Lopez"
"ac371050e67410857d1e03d5","Petro"
"3ab41be24ec711a4cb9371f4","Petro"
"5e7253cee8a33a9ee6b02ed3","Lopez"
"00b8288e169f8eec4763fdca","Lopez"
"868d4806d530a734a44b08d2","Lopez"
"86980f03269db012b9e0fb21","Petro"
"0e08ee94a2b71a04a3b512c7","Lopez"
"ccf4c6a8257b2e386874c872","Lopez"
"2a9f55f7f38d54a77793a590","Lopez"
"f1e52df571f644143e585d36","Lopez"
"5aaf9795f8504c48fbb1b055","Petro"
"c72cb1555ff39369a831ca0a","Uribe"
"36912ab2ad8fdc43fc4b51c8","Uribe"
"6387a5b640a414aa85c71ac1","Lopez"
"6b99e35529a217d33e22c063","Lopez"
"27b01f9e48f8da01a9402d96","Uribe"
"e23ad88b64ce5ddd8d6ef50f","Lopez"
"c171270b13766e930c746983","Lopez"
"9fc0da3f50660b41ac1098ae","Uribe"
"1df375f6e0008eb2a349a5eb","Petro"
"a88025d066a3352f61274be0","Uribe"
"a91dcffa87e75df41dde45ae","Lopez"
"eac2e398e91e808edc0abe2b","Petro"
"8aecf68f1f67a978059043b9","Uribe"
"37660a42044bd1f26de28bc6","Petro"
"e4803bc91d2f72290a49b88b","Petro"
"908903711ef4e2487b8cd547","Uribe"
"53e72ec568eda198b86863cc","Petro"
"a6ead31e6eb2eacdf5e7fc29","Uribe"
"972554fb66531184c292d4ec","Uribe"
"aa1bf73a46246dcb3ddc202c","Uribe"
"8923ca9b0b20c33127623135","Lopez"
"9464aa02542fe0f241725f10","Petro"
"7d3dce6ae3ec938a8350baa2","Lopez"
"fa90e18864d72164b92159dc","Uribe"
"f6e28882e1e44b03a0da1aee","Uribe"
"d780cc75dd9956e878cdc451","Lopez"
"8e2af6ae589a08fb71d0fe50","Uribe"
"d4304f8f0a252811475f603c","Lopez"
"e09cd8629050971c08695506","Uribe"
"0ba0b377cae3d407b0e9dd8f","Lopez"
"8d704c5896125a5b0c0dd83b","Petro"
"6f2a3c9dbc891f52050a6a19","Petro"
"8e6aa30a4b348b0907bcb94d","Uribe"
"cb9ac947c675464803342fc9","Uribe"
"714ac45dcd32212bd2ea7df8","Lopez"
"3c3674aa5a85f397330699ff","Petro"
"45587e97963c940081727ae7","Uribe"
"6d4ae630089dca76e99cc405","Lopez"
"29759985ed8d5556e7a07516","Petro"
"0d4124ea1ebc544e7da027af","Petro"
"82035d4420560dfb525aa7c6","Uribe"
"81cc7a4c41bbc3ea6a9a7e50","Lopez"
"4873077ffe54bfebb4c184b8","Uribe"
"f77ee55a8d0b19bbbcaa3bb2","Petro"
"e6e286272143f4166efc6349","Uribe"
"2dad5472217a3e30e23c0578","Petro"
"96f19ccba3578f0724c0b547","Uribe"
"cc14d1b9161f9e6355ce8fca","Uribe"
"0082edc86dfa7e2d6e95bd4d","Lopez"
"4b79afe1e4229e47937c37e5","Petro"
"c68714f15b60e96ea549cda1","Uribe"
"5c3b7b41f4c9e4285a886cec","Petro"
"c39f7445e560cc5c2d859976","Lopez"
"8f21a8c93818b68a08850031","Uribe"
"44917e7dd3e9ca61e6160959","Lopez"
"75180e0b9891c2de0fe223b2","Lopez"
"e3508648a1b1765b997b00ab","Uribe"
"d4e9ebd4b9c48544ae64b0a5","Lopez"
"30d321b1ac4d24f5cf02ff2d","Uribe"
"3df14ef0aeb27b6caf438573","Lopez"
"a41512a92381547b38757262","Petro"
"0619641cd96fe9c38dae884e","Uribe"
"a4dad61e6d891f0b35a5d314","Lopez"
"1c50afb21b6b0660fda9e63d","Uribe"
"13365d17be183caf0645cdde","Lopez"
"b14fc3727f7aaf5f6c02aaac","Uribe"
"bbd9354c2ebc6762fe7ddd9b","Uribe"
"ded4622f7198a739e3088622","Uribe"
"f3b4f4a9080915a3fd66dbf4","Uribe"
"a85d0afc58cc5ae4ef28dd74","Lopez"
"4491c778a2fa5d69dc0a47b7","Petro"
"17b9ea2b0f3a230ae7b7a93e","Uribe"
"b45255dac424b69f8abcc477","Lopez"
"314c46ba06e772c59e877e76","Lopez"
"dbbb8b8fb492bd9b5372c7b8","Lopez"
"fea5860231875a87f56d5853","Lopez"
"4ccada12e178169a21328d46","Uribe"
"960572cff84775b3fb38e6dc","Petro"
"a4aeb45bb99b3d21dddeddfc","Uribe"
"20d6f2826a165f2fbcc012a1","Petro"
"ffbd43d4b9acf08ced778780","Lopez"
"991bd6aa5ec19a2a0d627300","Lopez"
"e14136efdb74a90ae86962e0","Petro"
"0629d7cb5287bc9ac8e1dca7","Lopez"
"d249772f2645bc006748695c","Uribe"
"2e6edbb01266d9df1d567185","Petro"
"9f205496510ea8258af2259d","Uribe"
"6e8b02e5437584b54678fee9","Lopez"
"70e15102f4c51604e230d149","Petro"
"17f0b33f5bca7968f4cc8df4","Lopez"
"15ed4b52a411d0f224252b5e","Lopez"
"3338139136ee235b85e8e582","Petro"
"ef6433761e2151affe4d9717","Petro"
"00945da0872f1e8c687dea2f","Uribe"
"86b87a529109b93dcc617c1b","Lopez"
"32568a011c17270fde477e64","Petro"
"0e27d1f0fb4e9a75966dd416","Petro"
"e26981d7230b4c7804e69906","Lopez"
"1a3158ca701d7fa8c6368089","Uribe"
"5026de39fc148033cea14969","Petro"
"09efea70f01d27ebf1bba64f","Uribe"
"4041aed16e9663fb0fc3dd9e","Petro"
"25bb1a27f69cc35c959268ef","Petro"
"4696fc15e65a0ea05f6de2be","Uribe"
"cca00f08889309025afaee76","Lopez"
"37932d0e69573460cdc0e600","Lopez"
"dedb6bbe882b871b38345bb6","Uribe"
"435493bcaa1259195daabc9d","Lopez"
"9eb5747aa9da12abacf9fae0","Petro"
"dcfe5a8bedf6b695ff88dc2c","Uribe"
"b5c0423fd0f26954232071b4","Petro"
"1ddcba3ca7334b1c02cb9b19","Uribe"
"5d2689d5a535e5995334f2aa","Lopez"
"056831e30443ba0bbe202545","Uribe"
"bf6d4305579de096005b406d","Petro"
"bc561da9a4801d460a6f9244","Lopez"
"cf3e7dc0c86b742deaf9634b","Lopez"
"0824280ec8cea81c7d34ba96","Lopez"
"adedc29d3bbf28180e4a464d","Uribe"
"f5ad0f2ebd8bbc331d201d7d","Uribe"
"e79851fa3aa0dec728626dbd","Lopez"
"11aa47e85122b90bc6046425","Uribe"
"699ab733a8a1f3bd37775a44","Uribe"
"9b55d4d85d326b42f24dfb1e","Uribe"
"b01d2036d88295d3ada15229","Uribe"
"9a83667a2a1c8ee1b2211b8d","Lopez"
"40c36582ee48c11a3de0a4c9","Uribe"
"4434084dcb320653c2da4747","Petro"
"9dbf6637539fdcfe5984ab61","Petro"
"ef05b0ba7ea5672cb99f9137","Lopez"
"32071317b8dea8e06dbeec87","Lopez"
"95741cf9493135eab19026fc","Petro"
"eb5baa7352d50637c353125f","Lopez"
"176304d70891593066781dbe","Uribe"
"e4be50720baf3395e2a05dd4","Uribe"
"d25f3b7f31995e7b4907d80c","Lopez"
"376d3b6c45fd358e193a9ad9","Uribe"
"c46b65b97862906a5b19849b","Lopez"
"598e793c42edfc67900f49d7","Uribe"
"8695a598337113f96b17d0da","Petro"
"e5092ca23f30e41142418b3e","Uribe"
"b1015d11f89e62057ec9a53d","Lopez"
"257624d522b1dbeb32f9b886","Petro"
"d725002e109a98e26e0893c2","Lopez"
"94cd020871f8d5ddcfddf5ef","Uribe"
"f54ea804811e6507eb7b9f20","Lopez"
"38b67b68c6b2437c71918d6b","Lopez"
"7f3afb4039bb5714c84a119d","Lopez"
"233cadc524c1ac4215560019","Lopez"
"e5bbf49aadfa83827f9a63f6","Lopez"
"86d0f4c17300affad4503cba","Petro"
"6f301b0044a42c6ed6515858","Uribe"
"b5e5d849432942562a26c30a","Uribe"
"c1f1d0b173c3fe2a29deaf5b","Uribe"
"6e0311418f55c0e228fd5175","Petro"
"68674ed14df8c9215c37eb95","Petro"
"02c818464ecbd73a862aea94","Uribe"
"bfade636c0e162ea7647fc7f","Petro"
"8e2c09f3e64ff54367592da3","Lopez"
"c620e09ef1d2de997bc6aad4","Lopez"
"857372002875d037e0d31706","Lopez"
"ad740378d44f2f6c13069b7b","Lopez"
"54195d454f8dcfb694bf6b3d","Petro"
"43b1fc54473674b8f5ae1bad","Petro"
"0520bc762090c76ece2411c0","Lopez"
"e910dc5313dd27bfadb587c4","Petro"
"a4049dfde1416f146269a2b3","Petro"
"01bb594fce2a6c2075537a53","Uribe"
"918b02d1583100a62473892c","Petro"
"c706ae6bdc26cb4ff60a20a8","Petro"
"5200987bc6ce64c2037da8cc","Uribe"
"b3f6f639eee7dc6ef76eff95","Petro"
"1afa5ab5b629033f66ef2729","Lopez"
"0ecabdf8afffd67c0e22cdfa","Petro"
"0c613e5255d228242fcd5d09","Uribe"
"6f7ae913dc5cb5373ba13fe8","Petro"
"43024489b90222907bb88cdf","Lopez"
"1b47b92c9984a86404b689bc","Uribe"
"d95f7d84a8cf9af3ebc8d4a1","Uribe"
"e47cc15d3658e03b297900bc","Uribe"
"cb9389881acc0964a68f9428","Lopez"
"0735ea9a9d710162abe7200c","Lopez"
"b6861af4819d17e1ddbd1b00","Uribe"
"e254b341f83474976af1a010","Uribe"
"2a2a99bf66b1d66656033b18","Uribe"
"a44327feef620a6b9367441d","Petro"
"8a167c725c82036926b3f6c8","Lopez"
"424e37fdc03a9771a7147766","Uribe"
"95d66e15d07ebc2a2280bc56","Petro"
"9f0c4c4dc3e7b808bd898b87","Uribe"
"91bc528c70d334141bf343f4","Petro"
"0d7e522d005fffc39df7ed0f","Uribe"
"cb66d46e0b538bd5bdfecaef","Uribe"
"5f9359212b8d2206dd86f8c6","Lopez"
"81a4874f2a61bb9dda5e5b04","Petro"
"e590407080263606e8fcbcf3","Petro"
"6c459359a89c325d84d20001","Uribe"
"1a35fc861025d47074db7157","Uribe"
"a1e8854a111f7d526056e95e","Petro"
"277f38464b7338d046ec7091","Petro"
"c60a6a0d919e9ccec986c630","Lopez"
"fe6b2703986aa60d0f9578a0","Petro"
"02320960e9bfbac77ed40182","Lopez"
"bfd39a8a6a5ad9e179517ada","Uribe"
"917429e786c50572793b1b6e","Petro"
"9084c84e64606c69c9f74e93","Lopez"
"aa62ff0b96b1af3d4f3e0cfa","Lopez"
"894b2e04ff68f89f227cd9b3","Lopez"
"3ec4afa62c097ef6727bdfb4","Petro"
"f3e1439f78d37e159b9a6b73","Uribe"
"6a120477fcd532a5d8113341","Lopez"
"44bbe1331daf72c70f9beba2","Petro"
"1199b6c657b976ecf6dc774b","Uribe"
"ac49382a61081946436f3b85","Uribe"
"c577689684a9988d1d05c416","Petro"
"580720c2a78b719e4c5dcf49","Lopez"
"6d82415cce22b56ed241bd77","Petro"
"076c364f727cc061bfc6038a","Petro"
"8a83953ab294f6d4630febff","Lopez"
"038af252e98f43d25e3e7f57","Uribe"
"9e2f21a511f564a72154d909","Petro"
"0479a35d4ddd09701bfa45e1","Uribe"
"753914c2d36f13b66443bb4b","Petro"
"3bf50d9e40dcdbf5dfc7838f","Petro"
"3b704a050dc8ab26d04f18ea","Uribe"
"2b1677ef2f047e0040adbd8b","Petro"
"04479a95e63cd2406a8c0fd9","Lopez"
"621f1f74e1c4d80c1058be98","Petro"
"8d00ffafc735b1ea85b8fb57","Lopez"
"ee9b4d3e2b370d69c0734918","Lopez"
"f098242d27896fb251d855a7","Lopez"
"5449289c1947b2fec569b101","Uribe"
"0a629ea06d6f4d17241a1a47","Lopez"
"3f5745c78a1cc8c73864e51e","Uribe"
"7bbcc0fe20a46835df3af6f2","Lopez"
"a1e1d7dbb7308c60d00db856","Lopez"
"ee7f3a90d89a2fdef1172f5e","Petro"
"4f17e5fb5e719c7b213b3a9e","Lopez"
"fd8792c48b039b9cc1b050c9","Petro"
"b71dbef1970935cf8f0003a2","Petro"
"3a81afdf0e2922f39884de60","Petro"
"b5cf20e5b6b30e81fba08677","Lopez"
"fa75221aec7661901fb74264","Petro"
"da906072ad90773f42d7699d","Uribe"
"33e6eb015e0c4799bd70e0b2","Petro"
"418088944e595b2541fb6308","Petro"
"bccaaf4d65ee2a04247bd1de","Lopez"
"227e3459cc5ce70b89d13b88","Lopez"
"7be15f4dbf36147bfacc49ea","Lopez"
"8d1798bcee9e041ef8c74076","Lopez"
"36494ef5c4a7f27429d0e363","Lopez"
"604f85bbf7d3e295ac76823b","Uribe"
"165db3e0191d9dc2d4e1b998","Lopez"
"efe97ae0ddf56fbaf01ecbad","Lopez"
"cad19d6ec2492da7054327e4","Lopez"
"9e888cfed06df6af52db3082","Lopez"
"dfc53c2a127288f52dc356b7","Uribe"
"7b091a58444c76ef18b24e07","Lopez"
"b2ebe420e7ee60b8077380ab","Uribe"
"12e03ed6c8895d03a29afca9","Lopez"
"65b075d828e6852edaa3eaa6","Uribe"
"f3786059b6a976e192a720ee","Uribe"
"29ca71c99ae40d3a0253ef97","Lopez"
"ec9072ce8d14f67dfc01a285","Petro"
"bbf62dea7565597664ad2e1d","Lopez"
"45faf39a18d28d18fb0fbb67","Lopez"
"4dbe2262e2f366a288b27771","Lopez"
"a57b692cc832e10874bca21e","Uribe"
"acf308bdcb1303fcbba3326e","Lopez"
"6560638eb988f724e718f200","Petro"
"ae297fa60976eb78454e1cc8","Petro"
"d778f63d42348a21479c4d26","Uribe"
"28189d3ef403f81ba151f8cf","Uribe"
"93de98b3c73f459faa99df67","Lopez"
"b89787750d82b323edeb61b2","Petro"
"1edcd8450011e8c0dcae35b2","Petro"
"ffbd6514cdd97b4be24549f0","Uribe"
"e28ee8f1649be0cd49cc0e9d","Petro"
"5a228bf6284234eb4df470a5","Petro"
"40aa7243039c354db4bae100","Petro"
"4e471623ebf79eb83db94e8d","Petro"
"49d996a67d104f2c9f0a16f9","Lopez"
"fb1420d3865d4f7001e1ef1e","Lopez"
"b7c9d9ceae3998da473b9562","Uribe"
"4a65bd302386d84958f29340","Petro"
"aa665b040eed5e7731516aba","Petro"
"d730618c309bb38fca3fbcfa","Lopez"
"3cdc5c8df76c97e2ba8521d3","Petro"
"321e9bf39a6fa4ff378434c9","Lopez"
"a4915d3b73e79dbb8a4ff903","Lopez"
"fe8f293776bbe3346d2c82d9","Petro"
"61fb88b9724be08f82ef12ac","Lopez"
"5a4e13fdb80379c7c6681a67","Uribe"
"3e5f1a81e5d6ff42c22d9c47","Petro"
"10f3218ac7bcb48318f697a8","Lopez"
"ddded5a78d07c665dcb57b29","Petro"
"d7200e535517529b8e6856b0","Lopez"
"ee9c99ca9c17472af4ad7b8f","Lopez"
"f4102ef0b4f8540f11cb1def","Lopez"
"c516eb8bbaae80a2df4102b2","Uribe"
"c3f8b46fb23095c0a1149cb0","Uribe"
"39641e4009df262c54e30228","Petro"
"1b20e5098507bab9326e3ec5","Petro"
"7b113f7c06889642e5f0f31f","Petro"
"b899ea869e302ba08df675f3","Petro"
"1e1b934f936867ecc3f4dc60","Uribe"
"456d37568b229d43c3225198","Uribe"
"6bb82caaf3769f025b667b71","Lopez"
"453466b89154fad6249ee8af","Uribe"
"90fda8dc20ee926792253651","Lopez"
"69f2521f727b182b23c8231e","Uribe"
"bf1aa32ae57a6436425bc12e","Uribe"
"133e29b1fbfe66d7e54949fd","Lopez"
"946a8e73b0716b9c76bae3b2","Petro"
"4d062133050dd1d76fafd3ae","Petro"
"7e7e83a690eeffc4f71334f1","Uribe"
"96d82fecaa6313cc3b371647","Uribe"
"86cc302137c626a687abb394","Petro"
"acf264db6fa7713f61625e50","Uribe"
"f21c4b36a0117efc9c91eb9c","Petro"
"a049287f7ec6f9bdac86ce87","Lopez"
"400be19bc1c5f6b0ae8929cf","Uribe"
"827600fbb56640a654bb2096","Lopez"
"ed28866ad787c905f665493e","Petro"
"6a62127db65ab68e261545b5","Lopez"
"053be9a1b795c5a8338215a2","Lopez"
"024d71a8f3c0903704fe61dc","Petro"
"f6e15484a2494e925bdae5ce","Petro"
"c3e84753d72a5b96aa9a860a","Uribe"
"506cb93901d642991f9e2b57","Lopez"
"bde6102888c2dc0964f1c596","Petro"
"3c99f3de6b06543c1823d2e6","Lopez"
"ad37cbe4f959ffad97ec9beb","Lopez"
"26821e348a2b568aa437a7cd","Uribe"
"76da44dc8550fea0febf4066","Lopez"
"a5b91b8c7526a6c490d42744","Lopez"
"7111ea866cdabfda64a1713e","Lopez"
"bd5d92afa71d717f02c376c8","Uribe"
"f0334869fc90d8357eb8c055","Uribe"
"174154fea29728487f168f91","Uribe"
"635ee3df199b8d085618396f","Petro"
"d92d5c0590445f50bc902b35","Lopez"
"4cdc507aec20f71fb6fcddb1","Lopez"
"5437e540330fa430e44c4a52","Lopez"
"9435db4ac296d21654e64b66","Lopez"
"6d2804b1d7b8fe747a033afe","Uribe"
"4856e425a3298b92024dac01","Uribe"
"3a08d6b7adfe727f7b7642fe","Uribe"
"851b834d63f19842a7fad94f","Petro"
"dd4a399b01f9cca9892fa1b9","Petro"
"9e9e2b17eb0cbc7ef8761694","Petro"
"3f339464e1164a64fd1afb88","Petro"
"7a2afe22f3d72222a8ab8c71","Lopez"
"649b4ce8cefd7ff1c62c7d06","Petro"
"4f775021977b1206fb8c66d7","Petro"
"aae175e5c9c09befe40fdbad","Petro"
"1fc084828d0fbdda0a716cca","Lopez"
"6ef020938f90968cc43e2e43","Petro"
"674efc1de7d2995c13fb6fa3","Lopez"
"10d4df4ff8fdcee08f0eb38b","Uribe"
"067f782c0afa96626a5a9360","Uribe"
"c9aa464737e8209d568bc566","Lopez"
"1fb22ce54a8e40fdbe5b5cc2","Uribe"
"11c8cb9ed2316c468e05370d","Lopez"
"a50b59701827f3c6f58ef7d5","Lopez"
"8caf6ea36c1546206ab6f66b","Lopez"
"132b0545dcade417a035f336","Lopez"
"7ee9cc9d7eebe6fcbd0be0d8","Uribe"
"e7fde2de4b985d813595158e","Petro"
"fe8bc94e0c01a36cfdd022fd","Uribe"
"65bfd8d3109cd468951a238e","Lopez"
"302225c0fbeaba7655d8e1c6","Uribe"
"8a9f951caad9d8a0d37994e6","Petro"
"dde5e8339ea415626da505e5","Lopez"
"b94d7287b529efca810cef20","Petro"
"c936980bcfd49204cb73b05b","Uribe"
"b5b9c7b10f45b9dbef8ee1f4","Uribe"
"8e115558d3ec5bd2c5cedb32","Lopez"
"1f0e30de2984efd8339e9c9e","Lopez"
"7c75fc37e8986d34410aaa44","Lopez"
"97832bbd118547a7622be5b7","Petro"
"fdfc65ebee87db9368985329","Uribe"
"1d5f74288a435343058d361e","Petro"
"cc5a771b8ec24c661369c5bd","Petro"
"11224adac9b97a033a6362ad","Uribe"
"ccba04cd99ee6e4c07e06dcf","Lopez"
"58fbf2b46d4b7ed20216bee0","Lopez"
"6215801f8e5dcc0c678e4d25","Uribe"
"4f3cfe4c83db3914738c7bc0","Uribe"
"83842d155d7787b104d5db31","Petro"
"6aa606fe4ad0d0ac4a1fef50","Lopez"
"05dddf1e753a1d3d74fbc652","Petro"
"1b330bb1d4cffb3ff7acb818","Uribe"
"df2be5ea27e5318868cf6f18","Uribe"
"a8f923aba2cfba48e7c8016c","Lopez"
"3569dd33ea5013d2d96c0538","Uribe"
"50931fefdaec0cc4f617a85c","Lopez"
"d78c86d03f6dfe01049a162e","Petro"
"d5c84883568207d345fb1969","Petro"
"3823265145c32ff7873b3668","Petro"
"dcd8d8af5ebf3f301dbeb19a","Uribe"
"416cc76c66cae5622fa3dc5b","Uribe"
"bf01f2f7ffd20a2fc8e76958","Petro"
"1ce5195f442c5374dc830e01","Petro"
"d88351778d92a1bdc92e7917","Uribe"
"c5782ae13c21b2fdae853216","Uribe"
"1705e08770e61f69e85be788","Petro"
"45c73034d403e6b89fb40e32","Lopez"
"6396ea95308f78c9370f05fc","Petro"
"70455269a77cb0cb238ec59c","Lopez"
"151837edc1abcc569088fe9a","Petro"
"413904d988da43ba37b9cdde","Petro"
"b83a45ba6cf28b6b65505c7c","Petro"
"bf9d9d3fc88f56163dea1058","Uribe"
"b1597b5452c0b1a77e7b9201","Lopez"
"76319219200ff190a3e980b4","Petro"
"398a26dfbf12562bedc7cfa1","Lopez"
"4d493a12c692776678d2d288","Uribe"
"cb9b8e63323c7454cdc7c96e","Uribe"
"39aa8e40a2f22a96ed1d49c4","Uribe"
"00fbcf72adfd2d754f1a0ddb","Lopez"
"64115696f2bb440340672ef9","Uribe"
"45e79c9597ae3ab746d6b0f2","Petro"
"ca18ac2f55c2a55d21d6e730","Petro"
"84acb8e6268e84e2a28e60b4","Lopez"
"8b546e6443a09e06e0919e9c","Petro"
"7bc6381936cf794b889d24b9","Petro"
"e964a7c042ee0845369d6570","Petro"
"37e20bf6037199c8bd417122","Uribe"
"1dcbbb64fe645c85222b13bf","Petro"
"f323f59658ee5001d55a6b58","Uribe"
"87d259cf3b1d2e3bbc3c3867","Uribe"
"cdbc647c49eca8d37b0ec4d4","Uribe"
"c038f029613a872c3a69f41b","Uribe"
"da312a8402ecae65c086be57","Uribe"
"2266632cceaf0a28e56dd322","Petro"
"b73a9649a5c6f2dfa7a8f382","Uribe"
"8e70a7dbcb01eda5b4cf0e9b","Uribe"
"e38619cfbe358102bf7464a0","Uribe"
"de13df994016babd0fb64848","Lopez"
"1aaf51c914c4209c1275999f","Lopez"
"e041ca70b0bf6f99eb37d3e1","Petro"
"4e0342653d190c573639f497","Uribe"
"543c4c6e6f250cca904b8ea7","Lopez"
"992336259905bc6ad0ab96e5","Petro"
"2e0882f749bbabf7282b8da1","Uribe"
"583e4536be969bc219516f55","Petro"
"28a038e5e7b03c606c50d7e0","Petro"
"cdf737e57e950c1349345b29","Lopez"
"f5ffd6d0e9add7035a33ccf1","Uribe"
"9f5a54ff2aa94f357c0358b8","Lopez"
"f22538e3fcabf48059236846","Petro"
"e27422240d6841315e1eacb5","Petro"
"055ac33e166c86ed9430160e","Petro"
"fdcbca3418bea24679cc3876","Uribe"
"fd9781ce2ca82d415b43d839","Lopez"
"a88d2d8c0a43bd8457f9c4b7","Uribe"
"281d6ee29ba8b7303fa10ee3","Uribe"
"336574663fb4801cbda5655f","Uribe"
"839c8e2fbc97bef03d6f9d1d","Lopez"
"27876f2f8e4a41c98325dda6","Uribe"
"d890321fd81f48b62a97e5d7","Lopez"
"89794b707540e6c8e37084a6","Petro"
"45e312d3298c3fade2846edc","Lopez"
"a64652254b79dd11cf3075d0","Uribe"
"dfdbc23e8bec7acf709f7960","Lopez"
"55211a6127da3c3fccb9beef","Uribe"
"4ad33e60ea74e8234f41cafe","Uribe"
"870e31f6acfd6789e87b340e","Lopez"
"c9e12871a0cbefd5eaad5b3c","Petro"
"3ac49a39811e5be00ad62c61","Uribe"
"44cff81178a21ad4e766fc8a","Lopez"
"dc6e0a81fce125d2e83a0424","Petro"
"b21b25bb4f29fd65f8514d73","Lopez"
"e5e02534343d89b1838aa91c","Uribe"
"f7becd6659b06744c5a75c4d","Petro"
"e9db697c445ebc2513b0d899","Lopez"
"3d160b1fdf9eb978bdb1d072","Lopez"
"90df4012b2bcbbdd00fe50aa","Uribe"
"b32f6c225b069e6fe562bec8","Lopez"
"efb9f32d9529523df890ecd5","Petro"
"b1f9a752695bf5ac8a9e69a5","Petro"
"e81bdc89e9071d02c12dd793","Petro"
"b0a22ae1d0e630ac2848ed0a","Petro"
"ab6bf7e7600448ca89a1f4c6","Uribe"
"0bd957bfe70e8ef99dbff15c","Petro"
"3e1c25a7ddb615a030fb7eb3","Petro"
"2593d6eed31e5d398dc6263e","Lopez"
"07f74641ac68a8c0fb291915","Petro"
"598657beb87812a035ee0fa3","Uribe"
"d81b1d0210726748274fe515","Uribe"
"a288df97069e006efa4106bd","Lopez"
"d90026dc960c61972b5e7a7f","Petro"
"ba085cc780711d402cf32429","Lopez"
"30b4f92433af24dd2e59e9a1","Petro"
"1b97c63ba9d468b0e54476bd","Lopez"
"119977b73a3485e8ff4bc996","Uribe"
"e192e5bd4d4cbe8934b13814","Lopez"
"069f11370b74e85edd2f9d90","Lopez"
"8e8baba0679b9e98ae1b4fad","Uribe"
"57af28ae74b5b574f1d8fab1","Petro"
"78668ebe292bf911a8c24531","Lopez"
"ac7fd48f02ccb2ec115aead6","Lopez"
"9f14ee65137aec9476077c96","Uribe"
"4a37d2c7bba7e3e3c2aa69b8","Petro"
"3b77d92599de1328f264d920","Uribe"
"bd206e197b644a8833385970","Uribe"
"deb1858fad5f8958cc2f5748","Petro"
"a5b5d14d1aa492685dfa2132","Uribe"
"6fea741df84ffc87490d145e","Lopez"
"5b6e1377a8212523426e7c42","Uribe"
"5e979191f7efbae1623e9aee","Lopez"
"764bf2140117b20e107edd2d","Lopez"
"b6ad94b4d021330a09eee4f4","Petro"
"aaf41b4f6a7f06406b65b94b","Lopez"
"eeaef35af53215b08a651289","Petro"
"037867f2384607a8b646bf42","Lopez"
"d0a826a61ef3f7abdd5eeea1","Uribe"
"21e4413febfbce3c31ec06a5","Petro"
"bc769e6d36830e4b48b511a6","Uribe"
"a98cb2e47e8ab94fcd8fb926","Petro"
"a5e5acb080763ca14184e61e","Petro"
"ac0315724c8290dae784caaf","Uribe"
"adde10e6652e236744dfbadb","Lopez"
"1c7c4142c082c7241fbda797","Petro"
"cbdbba4a34f13c6d6d3ab31d","Uribe"
"f367b20cfb353634ae02b048","Petro"
"e857a41e82297fce52a29a79","Lopez"
"7611066e1d1e969e86305bef","Lopez"
"a49177082a6ada70d2660aac","Lopez"
"4082c8afa1fe5bad94a02aa0","Uribe"
"487206cd82d009280f275f8d","Petro"
"a23f34673c50fbe02f7e1ab7","Petro"
"255730d7cc629861f68f7daf","Petro"
"4bb070f53702bcbfe35de881","Petro"
"06d4eb5678834e5ea85224b5","Petro"
"87f4b63f7776319c0b628784","Lopez"
"97c171b8ca8e9caa22577b58","Uribe"
"65b5832bcba6fae595750602","Uribe"
"1b0e79ebb268f3ac3da6a4fa","Petro"
"1db291791d9f2702d55de984","Uribe"
"2bcf4c7834faa72b36f355ad","Uribe"
"aef332606186220e84305aa1","Uribe"
"ccc21e0bafcd97a6f7039b9c","Petro"
"0e547f437e1468ac6fab2295","Lopez"
"92573a623a6b98d4eb490612","Uribe"
"5e543d53e6669743f5c29c5e","Uribe"
"55ded209f28f656a05b700fc","Lopez"
"5192ba6bc8394f45778a5c76","Petro"
"25cea614b0638a5b61cca602","Uribe"
"a8ec8bdea2b6029d178fe028","Petro"
"4fe341c76c58438d085b657d","Lopez"
"1b8d61d054496cfff58a7f88","Lopez"
"896363a097c25cadb40cdffc","Uribe"
"e498b63dbed52eda84f93866","Lopez"
"d91b0e8e4c8ab45ecf46357d","Lopez"
"76b89c67793d23cf337bd8a1","Uribe"
"f2d59bcca8be14d26c5c3d69","Uribe"
"df51033654d3817cdcf216aa","Petro"
"150c523d5518ee28dec95ba9","Uribe"
"7a87f527b36667122e2dbb74","Petro"
"242941264fd7fd1a0bcca853","Uribe"
"9a8db8d5b7104a7f648e617d","Petro"
"dfe173312b0a171d5e3273c6","Lopez"
"00dbb6c10fe8974f57778dad","Lopez"
"cf9fff46d1de36be68864725","Lopez"
"0d65b9285ba33304c18c2b5d","Petro"
"4093e7de050207083f2602cf","Lopez"
"c871e2b36773ecfd8de512cc","Uribe"
"662c49ef240cf09c9aa59b0d","Petro"
"06b063ce3fa4682f9d5d8757","Petro"
"794fabd322a9f0e8d91293dd","Uribe"
"6a652cf1c368085c159b3bd9","Petro"
"8351e8e099058f020264a2a1","Uribe"
"6de8e861f8a131be2b235c1a","Uribe"
"135507285f7b1d18c620ede3","Lopez"
"a2158238298d51d7669818e5","Lopez"
"ff0b8a076e5a5e2963c8f54b","Petro"
"fbfb5ef7e408ce2159c8214c","Lopez"
"416de0b1c73b53648d2afe6a","Petro"
"f43a9fc92359a329ec031aba","Lopez"
"76c69cdb78d47ac9911ed793","Petro"
"cc8f253c3fc13eb1832f8855","Petro"
"1c7d467d24e4c2bd478c2d04","Petro"
"8ea07acd62ae47f92ad69aac","Lopez"
"7c0999f1582a7cf27e264737","Uribe"
"85213309bb1e9e5182279d22","Lopez"
"254e17af46972d8ec1c87ccf","Lopez"
"9a20b808f62f4d58b07ab6ca","Petro"
"83ee65ef13b69f12cbcba034","Uribe"
"9fe0dedb1e59b3c4da306012","Lopez"
"64c04d98bb3071fb352bb4a3","Uribe"
"f0778447e43dc449481396cc","Uribe"
"55128f2d72d846236ae1214d","Lopez"
"9ef49f1ac98d92205c6779ec","Uribe"
"cab0b485576de6d44503d706","Uribe"
"6627b337938e668a7e5e276f","Lopez"
"08fab96d3b2c46b6978e6d48","Petro"
"352b58e02626862580c7beca","Lopez"
"4e9e5892b015f65f4b654cb1","Petro"
"fd8833709afe7adba223b7f6","Petro"
"3174a0ca83000afb01b1a793","Uribe"
"8cc9e1b28b69e3f0a8c3f57e","Uribe"
"48cc150af58ebd5369a2ddaf","Lopez"
"284bff137256ff3e29da6f18","Petro"
"17a13cdf127b54200fcc0a6d","Petro"
"fb2e29ec2a62d09d0c374e22","Lopez"
"6e610a26cd0607ea6c517e41","Lopez"
"b96150e5f7fa8e33114a32de","Uribe"
"35c98b94877efbdb814eeff2","Uribe"
"2e0d94e88a37e6466fdbb352","Uribe"
"215bca6795945ba107350c4b","Petro"
"1310829e86ed7364c932cd21","Uribe"
"d7e2a8b4440aee8cf4173805","Uribe"
"0d5fd46d3c6ff0248fb01981","Uribe"
"f975467e53dde52535078ea7","Petro"
"085fcc6248055b5e0d92ae9d","Petro"
"2604c42b5882095250e4f9c8","Lopez"
"084953b80deb85edca70c7f6","Lopez"
"1bda44521ca2ff977e2dc5b7","Uribe"
"f771c870fc11916f9f5bbc97","Lopez"
"a4b7ee4eeeca7c3a0135ea18","Lopez"
"893623237985328ef2b32d75","Uribe"
"ba33af47013c2cda833cdfe5","Petro"
"6745c5d824998eb7a6f8d301","Uribe"
"bf46da01ab7eef5672c2a1f2","Petro"
"c3f4c911ecf134fea586a9ea","Uribe"
"bb6c093a1d86802020f801dc","Lopez"
"ad906f35a73c4829e40f4a4b","Petro"
"ecf2ce2a0335912dd115697a","Petro"
"0fd8fa1ca28905ea83f1f8e5","Petro"
"2555b14f6e072fd8305c24cd","Lopez"
"499fc61d867eb5b4b1488ec3","Uribe"
"d317c04bf7d815e4100b7927","Petro"
"e147c89dab237d37f6cb5456","Uribe"
"c1088939578d2a28270a0bfd","Uribe"
"0da8a469d065992ec3d8c627","Lopez"
"2473cbe9f0c43f102ef0f000","Uribe"
"4a5ed23c4ce9f71548614de1","Lopez"
"e39dff7f6ddfcbc59decf3ed","Uribe"
"b5688783f836aa0d3cdea861","Uribe"
"7d28e7dbe2fd19dc21165a29","Petro"
"575d799b8852a592ef6369c7","Lopez"
"364d9f2479434ddccd783bf8","Petro"
"a2f7d7cf917342d470c867ff","Uribe"
"0004d31c290018d960ea1b61","Petro"
"5ca1ac3b8ae0b3dd7219b9ad","Lopez"
"1b2ff2033d65dd287e0fd988","Uribe"
"61d38a289cbb64f34d8036cc","Uribe"
"486384707a9b50018290a6d9","Lopez"
"347f6057b5e935e557523813","Uribe"
"36e0e605b2ae94a1e0fc1135","Lopez"
"8df9c34bad22b06e7287115f","Uribe"
"0f7dc1f502a303cc7180e6c5","Lopez"
"b421cb6abcf9922cd462642a","Uribe"
"06d13ae6debd6c8f5eb068eb","Uribe"
"9284fb5ae026a4ee4b1d815a","Petro"
"428548991a696c46c6a1f7a4","Lopez"
"23ac9c34431ef257656b1682","Lopez"
"75e758a7739c53fbf90b5edb","Lopez"
"c3027e9f3c45481e039e14cb","Uribe"
"89b97086c3fa5c8fddc0fbf4","Petro"
"aea91df966fe34bc9eb4a4ed","Petro"
"01f8d440cf055dc579227ea4","Lopez"
"004508bf8e624f9656fdf9ec","Uribe"
"c920180d9bfef2f9dceca74d","Uribe"
"71f406a1f2167b7e76ef33c9","Uribe"
"52ce50cf463d294ff6520d1a","Lopez"
"5cfba312bb8d89b7ee9ac9ca","Uribe"
"9f75eb9fef212a7d73f52c40","Uribe"
"1282d6f59de499ebc1feea93","Petro"
"98bc3914125c4432bc1b4c4c","Uribe"
"5e1c648a7ac5d3d45d5dc0bf","Petro"
"c843300984e6effbecae4b90","Lopez"
"8ca49bf5417088b733c356f9","Lopez"
"f0c4a7101c2dda94a0a5fa66","Petro"
"8f8cdd68deede36169047d84","Lopez"
"1cbd02f1c95acb0981eadeb9","Uribe"
"77cd9eca3861a31f29d5e074","Uribe"
"ecb5cea0cd82bbfe8a8e8208","Lopez"
"84efb439ba0fb68ce6858f3e","Uribe"
"1bc1921fb786a40e944a4c2a","Uribe"
"d2b4ebdc0163a7c2c4d1e25f","Uribe"
"425a7a7ae7e28eee8b745303","Uribe"
"4f9a6d756814419809b10ae8","Petro"
"93b6cddf8043f63c3137113c","Lopez"
"4346fef940b384bf09e32fda","Petro"
"0ffe05ebf456bd86bdf71032","Lopez"
"d7d9b436788ad649b2d8576e","Lopez"
"5aaacdc22651ea3b6e7c7cb5","Petro"
"4df7b75c7e11749986b61e76","Lopez"
"51f3c52e5e473c17fd300883","Lopez"
"41b5fd969033953bef119b1f","Lopez"
"219a5e895a1437aef05f66d9","Lopez"
"24bc620757763d742e075193","Petro"
"683b0b89c037c0edb8a1a9ca","Lopez"
"5e911896a02430cf70b2c1f3","Uribe"
"973f48847e97368ffbb87b18","Uribe"
"fdd0ca714d2874e6d91be589","Lopez"
"5dd0ba051a4f89a6085a267c","Lopez"
"6872067104fc649e40e0da40","Lopez"
"520eb9f695ae9acd0efc9971","Uribe"
"ee1ac8fb35b6e7a99d53c735","Lopez"
"a40aeffa77c0577d38ef5bdb","Petro"
"5332ec289c494d43d346821d","Petro"
"e3e5a2d01c2d6deeb8b230a2","Lopez"
"66479c8796711b3e70b1dd62","Lopez"
"6d62c31a9bdac7e11174c8af","Lopez"
"6fb8ae7021fcfaad267538f5","Petro"
"22227583139a8ac05cab31db","Petro"
"9f413dc1d1d29a9cce094a75","Petro"
"dc3821ba2b6751402a5454a6","Uribe"
"810d71428313277687785ce1","Lopez"
"968a958aeb4b03cab9551836","Petro"
"ce8841cc163045fe158d7d75","Petro"
"dd596da4b01d8ad4c4375a13","Lopez"
"6e8af4892c32fd01287ef81b","Lopez"
"45e1aedeae95eaf777295a3e","Petro"
"d88c0a2cd1c55843c79179a5","Uribe"
"189a343c080c88870274f21e","Petro"
"c9ac38b6ddc638c9a848df1a","Uribe"
"a9ac9aa84fe88b8710e17c54","Lopez"
"050c740cc8462f2d0b066f05","Uribe"
"5fadaedc52d38c30c96dcc31","Uribe"
"62197b2be07bd2fdbc84a848","Petro"
"9cdd0d75991e699d9f70d074","Uribe"
"9b5ca9873edeff1faa1b930c","Uribe"
"ecd388b22bbf4e31f40c1b4c","Petro"
"2aaaae3bfd2597622b025130","Lopez"
"6a35e1e03c58a9e4dbb1cf07","Lopez"
"2acb8daafdd924545cf12577","Lopez"
"51124859d9687e5c4ad4377b","Lopez"
"919d27de5da85af378e2ff61","Uribe"
"79faba536719dcc7ec18e4f9","Uribe"
"a3a50081c14c620ca68bbd23","Lopez"
"5dd15d14fdd31b0f0a65c979","Lopez"
"ddc50dfb49955bf3b8eb8ed7","Lopez"
"8619cfb3da2a091bd79688f0","Lopez"
"ca73aa8626be424aeb7463db","Uribe"
"a468376f006beb9d820dd105","Lopez"
"a65f5668dd88876d3eaa0a50","Uribe"
"9042c14482235542a835625e","Petro"
"68522c03a21f590dbebfc392","Petro"
"9060b9f3227ecacf3eabb888","Uribe"
"bd673fceae2e41ef07b4ce5b","Lopez"
"b548880abc00e57e7e56c418","Petro"
"a4d87e41351a66adf1f1b50e","Uribe"
"31b074fa5b2dfa498fa53d0c","Lopez"
"d3a01ed7ccd75509e3802fe3","Petro"
"71cc1ea29f33ffddbc1ebf53","Uribe"
"ea1c85b1e7f7c86c22805701","Petro"
"af8b364976ee2fa2d39b18d6","Petro"
"ffe95ef308ab728caf1402ad","Uribe"
"392d0c48876315869fa487cf","Lopez"
"215de6f8cea27f426530041b","Petro"
"cdc90efb96b360ee251d1973","Lopez"
"9a0a1df7df1cf9eda76cba88","Uribe"
"798323d9fd0b9ecaa016e475","Lopez"
"89f7e752723030ae4fbe834c","Lopez"
"11b53764efbc96cd8a22c25e","Uribe"
"e7801ac1ff80261db6cc0522","Lopez"
"7b7a4a9869237b6ab719cf6a","Uribe"
"3d55b3233458d027ed38c5d2","Lopez"
"eb223449062c84eeb99cfe15","Lopez"
"3dee4b9a7937a8c3238517e5","Uribe"
"1d6ae63c29a9c48cc2f1cc23","Uribe"
"352802a488cc9e4d34c240fb","Petro"
"f5b5d6130d2f797f7df72aa4","Lopez"
"a63b368ac48414e5b5b3c0c2","Uribe"
"19e7d550495d24ef6db8bd68","Uribe"
"7d550f6f4ee6562528b934c6","Petro"
"e91a17f0646d9fe31c688133","Petro"
"36da51a61ad0d1ab0a498b5f","Lopez"
"13dfedffbcf8153e540ab035","Lopez"
"86a3eae22ef2b2cce2c62af3","Uribe"
"35877c1d887a54353bf5c6d1","Lopez"
"1f5025f1a6493864a2be3572","Petro"
"d8e90a77e157cdd7ae639271","Uribe"
"f2373c015e5a98e65371925e","Lopez"
"2ad9994621b05b229e052858","Lopez"
"08aaf80c31428395b90a7a9a","Lopez"
"ffb8d21fafb70962d413881f","Uribe"
"4933f0846930eaadd8d0e2aa","Petro"
"dd5d612a474f8b91212b7bde","Lopez"
"0ac55de7f637d8628c834190","Petro"
"683c9e54786a8f2bed20d68e","Uribe"
"da8aee5a42f51f37c874d000","Lopez"
"5d3a237f3bf86764d8e22277","Uribe"
"26edc18ca48ea3ccb67954c6","Uribe"
"dc7e26f08df593c3529f2d34","Petro"
"2d09e12549afdcd5bcbaa9fe","Petro"
"6adcae7f4c035e8c1cb6d59a","Lopez"
"0ec094ef12cf458bf096e0c0","Lopez"
"61ab766cb9cffc659a597e67","Uribe"
"2f569c0aceed6b8cab3f26dc","Uribe"
"31e58b6beb59a3f4937ebb01","Uribe"
"ca58dd2a5aac6a41d269a05b","Lopez"
"14a1de6394d72a5f3725a82f","Uribe"
"ed4470f3c9d0ac910ed03039","Uribe"
"4b6002229f05a185af42957d","Petro"
"b045b4e02a5c61bd289eb77f","Petro"
"edc53e3e1f3a1058eb5cb22c","Uribe"
"7e3728648b5c8372c9c0f202","Uribe"
"6e07ec2e75d1a374b11b1bc5","Lopez"
"8bfca9e897aedb5f71e6d222","Lopez"
"2a1fbf5148e494fa8dff1e94","Petro"
"b1be3f8d153939425a7f5b56","Uribe"
"d30345996da52dd5f6567cc4","Lopez"
"6a30b98095a4723d4d6a0e26","Lopez"
"9fb4992fefe3d74cf8098233","Petro"
"f5a01ade7155578a1cebb174","Lopez"
"b4c73785fafff216a35ccfd1","Petro"
"052a8bc2e1c30268468129e6","Uribe"
"386d533be688a0a0e75c7f17","Lopez"
"5a9bdcd16ab631dfa006a6ef","Lopez"
"aabc5dd239d0a2c3cb1a9f39","Petro"
"997e132526175f37ac5fef40","Uribe"
"1d19f9b453f278d07d609fe2","Petro"
"c40046b3d09a036d6343a52c","Petro"
"4c449f864aaab6c2b19c56f7","Uribe"
"d271a6c9398154ed12966403","Lopez"
"d142da24d07c2082184fb52e","Lopez"
"fe99e0b4c8b95f9c4b8335fd","Uribe"
"925158d7de19fceafc40bd9d","Uribe"
"03c00eeb4447379926ca33b4","Uribe"
"50c2d60982461597c9ab5ef8","Lopez"
"9b2c2408169657a2fbb24e77","Petro"
"3538c980aeb575ac0f8677e0","Lopez"
"390712437db80e355bb713e4","Petro"
"572bbed8d3b51a186063ce3d","Petro"
"e3c33d511b42a5276f1d72d4","Uribe"
"b1e96539171777b4aba54de5","Lopez"
"2db1fec26b564046bcc5efb0","Uribe"
"09cd71b7751ce581778e4b81","Lopez"
"d225b241bc16212feffc4f5d","Uribe"
"a3f03d083499c1bfa8cba4a9","Lopez"
"a2c6ebe2bbc957ab7a4a1d1e","Petro"
"4ca8aff414b2b7631b4dcf4b","Lopez"
"0036f3d867393f8effa12b66","Petro"
"b611c26da1155a1fa372e4ca","Petro"
"de3c733f8d48d4945c39a2ca","Petro"
"1edb1a170b0dcef0dee2bec5","Petro"
"dc22a6482cca84601996a358","Lopez"
"45b83f06f3deae864b57da42","Lopez"
"32e61fb4ce881f3daac31995","Petro"
"ccc0faf56aa79487c15781a0","Uribe"
"3f22e789f68eec5b2fa6ca0d","Lopez"
"7b91e510f55c9e5a57cfa263","Uribe"
"e80fad586f74c29126153691","Lopez"
"15fa5f340503d705597f0171","Lopez"
"46e104ba2786a7442b0bb024","Lopez"
"8413b60a693200ed6007a995","Petro"
"8c5c583981c60b79ba42f5a7","Uribe"
"510827326b8621ebd065f40d","Lopez"
"c7592546f723db4fc662c0e2","Uribe"
"4df63c8eeda9219cb37f57e9","Lopez"
"eb7e417c5c55cd5d56bb24d6","Lopez"
"1bea5fe7b0c54025d96a0d10","Petro"
"ac1dede831a8533795891b94","Uribe"
"272034a06d8d8a2c82aca028","Uribe"
"bc889fb345487c4e786f115d","Lopez"
"2c58365c66ad7a6376d5b8fc","Lopez"
"a7dd380dc376f635a4f2ae61","Petro"
"2e3637e2cc85755063d2fbf8","Lopez"
"e90f63f343b391c957fd3290","Uribe"
"c75a963c9b2878e78aa21f13","Uribe"
"578060b7da114404cebe5659","Lopez"
"c4963acc5376771bedce5d10","Petro"
"4bc9ab667b0196796f797f0f","Lopez"
"d38361efe136316ff0e285bb","Lopez"
"be43c7c50891967439ba567c","Petro"
"191078f5a48eada3129b1337","Uribe"
"283152b0e1c1c2bcfe3a2093","Petro"
"542009ff11e13bb26401dd1c","Uribe"
"3b15c078d700b4d1495aa925","Uribe"
"73eb7614b2ae537c567e3d1d","Petro"
"25faebd51379a2c3f2baa068","Uribe"
"a3ae1fa7079e40caa3ea474e","Lopez"
"633c7c37c06d273c7a9ee67b","Lopez"
"3687ccaecce25e1017a12a4a","Petro"
"9a90f73f5495bc1f8c029175","Lopez"
"1d628c9da2b2b5553885f993","Uribe"
"afef257bc8facea0c789160a","Lopez"
"8d3f752194c347f31a006c59","Lopez"
"e64ed43d0bbb02092f1a27b4","Petro"
"f9629189c38e21f15e380da3","Petro"
"040a1775d2f6f1bf7d00a44d","Uribe"
"c59d3eb27ba61a7d3e0c26f7","Petro"
"321399803b8ba2fcdb3dec4a","Petro"
"27f28ff0548cd7c6bb18cd47","Petro"
"893b440721a4402656cb6108","Petro"
"eac8b4812402806c70b99260","Petro"
"e71a41692a62203efc3d7bd2","Petro"
"cb8669dbb378e0e0c2691d49","Uribe"
"f732eb74fd6b22a94b1fef1d","Petro"
"2c3ac5a85ba88b38bb06132c","Uribe"
"623034adc0410369dfb801ed","Lopez"
"4e959a260d81eb7556d31d52","Petro"
"54b479c34894a85166586a66","Lopez"
"e696ecd0f89ba1802e1b05aa","Lopez"
"55313f74a0c7f63dbe2563fd","Petro"
"f5a24821037ca9341aaf0a77","Petro"
"6e628d0b6fb84342ebc41107","Lopez"
"d48b44b95f47d444971c88bb","Petro"
"9c8e0c26e1c72fdeb0dd548a","Lopez"
"90ce7f7bd99745b4f0b58125","Petro"
"cfc2c020565d357b0325604a","Lopez"
"dba534c61cf3cbb2afbc108e","Petro"
"fac9ac7874b95ec4730ea1cf","Lopez"
"2efa135e0cc0d624768490f7","Uribe"
"02e56dfb53a1431ff568a81a","Uribe"
"4c0388afd91f992c2f0bd474","Uribe"
"10492dc2f3b7df3c6af67989","Petro"
"3e15255978400942e21b52dd","Lopez"
"db8a16569240c68dc5129d95","Petro"
"b2de29bc1d3e9c4a50770f46","Lopez"
"e114dbc2f84567fbeba07ab1","Lopez"
"dd75371a12c0b17c049f342e","Petro"
"914e7cb61ccb810c2936b522","Lopez"
"9283625d6652bda8801ecaed","Petro"
"f1aa3e8cb8a221b9c987a52f","Petro"
"97f0d8780638997b78e20e6c","Lopez"
"42a1ce785546e5000551e7f2","Petro"
"67bba4f748ed206c1325816d","Lopez"
"a41f1d35213a348480d251ce","Petro"
"bbccc44cc9d1c26d08951d9b","Lopez"
"025716d3f3e2b0d265b15759","Petro"
"110124257ab1d4170c563215","Lopez"
"c79ada374b8b5bf2ed48fcb7","Uribe"
"c00397085757c58346892832","Petro"
"b3fae7e38d2ba3361469a651","Lopez"
"5810065a647e87c33b551ac4","Petro"
"5cb81b7825d378f738ceb051","Uribe"
"26f5f50d844833bb9e2b45e5","Uribe"
"001387a7e556a17e9af9e684","Petro"
"8854be3faed89f16dfab6d67","Petro"
"7c4182fefa33900909d5adb0","Lopez"
"596a1a572494c0725176e66d","Uribe"
"61783f02daf6a6006d78e88a","Uribe"
"2b8a32faacbff8f8841a8576","Petro"
"908ccbf80aa35cfd69019331","Lopez"
"f5bd756240b04256384fccec","Lopez"
"1b8a18a09b69046438c14f4e","Uribe"
"8bb5b51acc78280ecf569e2e","Uribe"
"726876127ce16ba5956ff89f","Uribe"
"9ef176775b4cd0c81165e8fd","Uribe"
"327ea4b575eb69a059c36036","Petro"
"5f7c915c85adb6b30d571267","Lopez"
"4ec1f15c92f6a669bd6971d9","Uribe"
"a86ba670f8c6f15a8b6de654","Uribe"
"f551baa32615af2fdab93895","Lopez"
"5e3c8eef00e63990d1d05998","Lopez"
"d298b02f39b61b062e84e8e3","Lopez"
"3be15a3c124a4d2d09bd93d5","Uribe"
"96165a8af24ec6b6ebd12827","Lopez"
"e784d433b139c2e7ea18e04a","Lopez"
"074618a81591781e2de8aa59","Petro"
"b43e94e50aced7dd24b05836","Uribe"
"3e179d9f54e42a97c63e31b9","Lopez"
"c98d3ef7cb2aac694a76b9ac","Lopez"
"d713a9e61dbb23e97e48e4d6","Uribe"
"0052da408e75b7813dbcc512","Petro"
"9f1e7bb86adf53c10de5e92b","Petro"
"81dc1b2b9c3db7f24f92fe55","Uribe"
"b5865dd57d228ef11c3445f5","Uribe"
"b7ba8e6a1591716cd212df70","Uribe"
"1247f417dc78a135ccf2ae98","Lopez"
"57c91511fbff9ca14aa49717","Lopez"
"d82063eb6fa46e7337dc7b32","Uribe"
"ed18e4fe5c4672a2e1c868e2","Lopez"
"eeb8ec6b5404cf6973ecb596","Lopez"
"a0d346e5970e212e56a0cb75","Uribe"
"28f45a74aef05d02b634c29b","Petro"
"c01963e6f05d7e690ee9a64d","Lopez"
"0c85821c02476bb52d576410","Uribe"
"2120e4bd7b1961967df93314","Petro"
"9c0cbfcaa2e1a912ea851f2b","Petro"
"6ca02bbac886a64780d57df1","Uribe"
"e34971cff4a67eb0eb948168","Uribe"
"eee483975e72a9817533ed4b","Uribe"
"93077d43ea01edce9bbe873a","Lopez"
"085d23e6460d78545e99e006","Lopez"
"de56978730f545a914fe8fc7","Lopez"
"688c8fd5d9e2c844b90b90cf","Petro"
"2c0b45c9f0770708bea88890","Petro"
"6cd01dd960c14715ad1d12f3","Uribe"
"e529276fa41e31c3d0c3be87","Lopez"
"5c4ac59725963c5b7733901a","Lopez"
"f16a4ea887c44cef4c96de53","Lopez"
"a9e62ee577ca76a9013d5098","Lopez"
"379814a152f04db8d8eadb2b","Petro"
"95a0fe5f1385eb779fb4d020","Uribe"
"75253b40ec4092df867ac87f","Petro"
"9c3a8f4ae4b80abf9457cce9","Uribe"
"3624010c4e0e057f533ef007","Uribe"
"0eddbe87b75b772290db4b80","Lopez"
"baa2ea8f62d5f1c6757c2569","Lopez"
"3b10ecc682b24164d146d616","Uribe"
"3c46e5a6dc11f119e8f56791","Petro"
"11b82622b807a39e12cf55cf","Petro"
"dcdbdbfd7bf90b141d159496","Petro"
"ec832263029dc08931da80c9","Petro"
"0c3c3cffbc3c940e44786338","Lopez"
"512713dd98cc171df8a12b38","Lopez"
"09441bc355733321b5ffe47f","Lopez"
"dc96051c4e032a6623815106","Uribe"
"18e1875cd9d0d21d98e72f99","Petro"
"ce32c9e1f99705d093e95d0c","Lopez"
"9cfb6f8b5ae2b21ee1103254","Lopez"
"b3803fa9ae8cc4679e8182d0","Lopez"
"1969032104252762fec8768c","Petro"
"0b6131ab5f6d5565999cc2d3","Uribe"
"e58e23013523d2067b537849","Petro"
"f8bbd9c5a17d68a2a204d486","Lopez"
"bddde3b5d355a81fa82515a1","Petro"
"f48b3a0aae212fd95167fa8b","Lopez"
"94ccefefea0e94066add9191","Uribe"
"081dcbab6099bd644a9d6a54","Petro"
"c8085121122243fa5642fec9","Petro"
"ab0fa9e51ec12aefe0000b40","Lopez"
"9bbbed0242265e2474e4d593","Lopez"
"974a3ed7ae310f68023de957","Uribe"
"99abdd6143ffd1ba7f789952","Petro"
"b6409b4003c14e417779acc7","Uribe"
"6c822b7983fdedddf480db61","Petro"
"0d1b2a99426566cb6adc4129","Petro"
"228f5b762105cae63c381dc7","Lopez"
"6b16989af435bb911bab06fd","Petro"
"aafe897b5fc5fc00f2443013","Uribe"
"67676c7be2e654b3f8157f91","Lopez"
"69c1c38f3e98f1901a722242","Uribe"
"b836b62b31cd6a422c069815","Lopez"
"14d6c64a1bad49238d7447cb","Lopez"
"4bffd1d74f4d6e96d4b24e65","Lopez"
"618b2714c3d5e42dc634fa4b","Uribe"
"1428cab7d5620b39950f81c4","Uribe"
"2bddab067ede86206b675b7e","Lopez"
"dd66c7ca9bd76ea0ab5f0256","Petro"
"07e1954ec29ee498b9666e95","Petro"
"3fe949671c346c048f1bedab","Petro"
"6bbc25f2b2e1b80c63638f67","Lopez"
"a4f12c4d68214b0fa325227e","Lopez"
"c30dc86fe15097c9ffd1834d","Uribe"
"d47e62678ab9d23fb7d75465","Lopez"
"21efcd0780db9b67bcd9c0cb","Petro"
"7c1522261795cf7f1513a508","Uribe"
"629516b4300e9309c3a67c3a","Uribe"
"f118cc4823bceb7d654652f5","Lopez"
"c68eeb5e7e46514ed1d240d9","Uribe"
"f4c2154c56498758c68e632f","Petro"
"4550ff3cbfac9e47bd988601","Petro"
"8b85e72461a4c55689af794c","Petro"
"6421386c41c2ed55c0de3840","Lopez"
"175e818a0bc7118e1c194573","Lopez"
"d1b88f93ad1b5e670ebce3d9","Petro"
"22dce6a71c147ab7ee7f6bba","Uribe"
"f241247c9ecd415041ba3718","Lopez"
"b1c14498c833d914d23d02e4","Uribe"
"8c6df1be2f39c09543d35b71","Lopez"
"600ae0e109ab95316cde03fa","Uribe"
"c1b52f7a58b5aa05c8b6506b","Petro"
"071b48344a336240095f7f2a","Uribe"
"39f71746e574888fc9fd998f","Uribe"
"4cad9ea22311d0d0576dc7ee","Uribe"
"75b61c0649269003e45e6264","Petro"
"b54b3890026f8d6ef01a54c0","Uribe"
"c506eff1bb3038f27b9e4879","Uribe"
"0c9d323814dc467841f66328","Lopez"
"8afd13de8e4c48c45b60e368","Lopez"
"a80b40bbab061a83dad288f8","Petro"
"c71c53fb6f2fe4df0fa2d87f","Uribe"
"071a92a8911fa5eafe15f2de","Petro"
"3aa5eac273e41af8fee38fba","Lopez"
"266a9e3006ff76f168d4befe","Petro"
"59a89f5b3fab66c8c044e132","Petro"
"e8b269b1f8a586e30a316989","Lopez"
"45c337c8a44317f6cd9aa287","Lopez"
"0fd603e4fa2d7e69b69a6134","Lopez"
"9d9df1aa033e37ec098ed6df","Uribe"
"59e648054c1f31ecc3ee7dfe","Uribe"
"0763aee1b9705c9a45353554","Lopez"
"0e0ec6dadd3584cfde79c2bb","Uribe"
"b02997b11a3fd172f70fc7a6","Petro"
"917c8975759094c0075b073e","Lopez"
"adc87da4854770b2bc571f61","Uribe"
"371034749e72382e2c2c0e74","Lopez"
"d427c900b18040ad860b1e34","Petro"
"fb51ba2f484ba5b3b9f33755","Uribe"
"2c2af3df1a5c065ee484a237","Uribe"
"9ed402cb80f2d3a11a9ab1f5","Lopez"
"c0efbdfc92d7a8b18f83b8a3","Uribe"
"ac5e3aff140f4847651b2069","Uribe"
"4c922aec9e004200217b1f77","Petro"
"e574f7f74ebdcc8502b22b75","Petro"
"90b343fc9380614500a459de","Petro"
"fea12a94b67fdfc109382ad7","Lopez"
"c2f888ed9c1616eb1e43fb5e","Uribe"
"eb90b4ae84db8743105f40c0","Petro"
"20f198e444248b15d413d35a","Uribe"
"c77bb28dd22428c68a1fff8a","Petro"
"7f7695f4360eccb924b039a5","Lopez"
"3baf5f00792e73818654f73b","Petro"
"6b9210418fe99a2ef7bb5e4b","Lopez"
"2644d5ccf0dd9cf3d2271a56","Uribe"
"984a23d764f2cec85396617f","Petro"
"72a79119e516ca3ee9325b42","Uribe"
"883d6ba5e2d3bcb14ab32211","Uribe"
"50726ae4094b1ae1b76bec05","Lopez"
"176b78ca957e54650eb19552","Petro"
"933505245e5206491be3cc9d","Uribe"
"8aa863a405f9fa3102256c9a","Lopez"
"bd49c54266a6e43e326f1eb5","Uribe"
"de269a7ec9afc64d0cad724c","Petro"
"136517c85e7710a9f694392f","Lopez"
"5e95cbf3fdde587cad683be6","Uribe"
"fe2222187a5ba11de323c930","Petro"
"0a065bac6c695689b769bb5a","Petro"
"24060f7dd1f1796876d0ff0c","Petro"
"02088f2bf33a184f6f6beeee","Lopez"
"d35cd068a09f8a126ec41331","Lopez"
"14e16b69ebfd6a7cf31b27fa","Lopez"
"7b3dd1febbf87b771f909c59","Uribe"
"593622352c4818b0821dbf84","Lopez"
"f15f2342579a72088a797bc3","Uribe"
"edc5ef969ce43dd2e91c57f2","Uribe"
"c3d5c300b0c661594b786929","Petro"
"fe3eb0fc08008364c2b1c3a5","Petro"
"5357ab7e20967a928463c41e","Uribe"
"77312cddec5186af6fd86251","Uribe"
"8885720b251cb808087ca6a3","Uribe"
"64148a78c9d8a3c0a787b7c6","Lopez"
"2cec322346edfd41ba86aa6c","Petro"
"74837a80ec063ce3f6d43392","Uribe"
"5a8516913b6080ce4d5f7c55","Uribe"
"f1d20d4d4f2f827acfbad890","Uribe"
"0f4134cd7107edf773a0d2d6","Uribe"
"02c80737d5a307bde9c533c2","Petro"
"7e17baaa75cdf1b29c32cff5","Uribe"
"1ae25a1768b8088e219c07a1","Uribe"
"07607899c778287d0e7abc3f","Uribe"
"262364c456be779a799405b0","Lopez"
"5d7b79c9276c8b5c37a4314a","Petro"
"f47aeb32433bc89532f49456","Lopez"
"c46fcc907fb1498b0b76df03","Lopez"
"759bc19438f3c9a1935818e4","Petro"
"2cabdf271d486eb1b25454e0","Uribe"
"086cb0af35dc0de8d6660b40","Petro"
"cbcfb6437c7d0506ac66e54a","Lopez"
"a9717f4ee1120332a3c2384c","Petro"
"f8fc9c2d49e0605a1d87192d","Petro"
"0ef6ae4151c068738f031a3e","Lopez"
"c7301b7b044654984d8ca51d","Uribe"
"c199a1b0a9227620c87cb0e1","Lopez"
"ca8c199bcb9c16c5d029a647","Lopez"
"d06b8217d4cb977656601184","Uribe"
"a2b263a0963e81b6dd1b0730","Petro"
"2c96e0f4af59faaf968e8f17","Lopez"
"96396caef47384b75e647591","Lopez"
"29ee7d49a8903d5197cc8444","Lopez"
"2b6d2929034273d61a79a250","Uribe"
"730abb4da4b6a0ddca890ed5","Lopez"
"87c43eee03bce0716e50ecfb","Uribe"
"1037360d513db38d803f661b","Uribe"
"b44a59185748ca016e324f54","Lopez"
"46e716f2868c6ad32c84783c","Uribe"
"69dc43284b6b618e6e599f7a","Uribe"
"c450d46891d42186601cabb1","Uribe"
"b441630ff7c2bc5c52ea2e01","Uribe"
"a06e9eddfaa1e1c1bdcbf20c","Petro"
"259ff33ee44717e5c3c06e00","Petro"
"72a36a4c477e5ae99bc1f27e","Uribe"
"703cd9a32b5128d7a86930fb","Petro"
"0315d6b9173973a96445b0ac","Lopez"
"d123aeafde40f8ff00d89329","Lopez"
"c7aed6f220fe485d26ed18bb","Lopez"
"2b5287d1cbbbdbebeb4a3c0d","Petro"
"4420675acda6083c556d228f","Uribe"
"9f1dd82730a87df57679b8ca","Petro"
"1ac2026886236e867c1ac41f","Petro"
"33aaa856b4d8f4c34de40a47","Petro"
"2bdcbf4c326b9e3b56240fee","Uribe"
"188cd4d3482324d1a424c8a4","Lopez"
"49a9e912d8d0962c64da9cb3","Petro"
"df2615ec1b90a860f2821889","Lopez"
"1ee6ed50984a546f3cd42c78","Petro"
"ffdbe7e0ce0eedd160de3d43","Lopez"
"0087a99cd90e95c19e3b037b","Lopez"
"d3493202170f71fd0c63235a","Petro"
"55e652a30f186daad5d0925a","Petro"
"1d6d6e3ca01f1f7509f2c7b3","Uribe"
"6217705f102f1d78d1818907","Lopez"
"2fb2d3674a5539931ab1b8d9","Petro"
"bac2a3805e66ae5cbaa9bcf5","Lopez"
"592c83951d95aca359d2891d","Petro"
"c60fbca00b96b692edaa00ef","Lopez"
"78bd664da3ebd5a2879e98c3","Petro"
"32ace20d3b28296cc0219436","Petro"
"13c83a32e8e916b850a22eb0","Petro"
"6dfb9f43a1672fb06ed81402","Petro"
"c552474ef72cf7095dfe8542","Petro"
"58265cc458d0769869328260","Petro"
"213d41bdb9b4154f229e66a7","Uribe"
"9511b0a7f2fe424dbb6ef802","Petro"
"b85b7ae52a8eae2535016e93","Lopez"
"d07801ad391ff8c2f2cb3731","Petro"
"75adbcb33ba0ccb96ac2c590","Uribe"
"e032c942f98e79031e810dab","Uribe"
"6241ca9f147da43444c6c618","Lopez"
"9127733574e390791f843fa2","Uribe"
"38c7deb900bba6d3ea9b8d78","Petro"
"762b66c2298538b121f58da9","Uribe"
"59fc8e53dafd44459558f629","Petro"
"03f91055186f18397a2f39ff","Lopez"
"0c8f7cc49a85fd7aca96dbbc","Lopez"
"a01097b702e1b29cbfb357b3","Uribe"
"a24723c35c68129d24ec808f","Lopez"
"d03416d41f12ab3a6d8e9cb9","Uribe"
"12d6e07dce1a0456914b5029","Uribe"
"5f28a74e9d4277b7122b2077","Lopez"
"99cbd670b8009581584e1e5c","Petro"
"9ad8ad3771ff024e17741582","Petro"
"c3567b51e545db57bbae7eac","Lopez"
"c7b4f3c2b38b3919a8f1459e","Petro"
"ac283895e14a0cf39f261c24","Lopez"
"10e5440cebfd03d344f1e288","Petro"
"077aaa70e829aaad2e9e8430","Uribe"
"20a587485e4ff36f2361262a","Petro"
"97d43cf6d8076364f64620a0","Uribe"
"e78a33814f12d77faab279d0","Petro"
"3abd81a5e7859fe1342ca772","Lopez"
"7ca9642b3c5d3bef5d6939f4","Lopez"
"352304d0739823880ff5d96c","Uribe"
"0b7cb8ac8a13edb949b12f0e","Lopez"
"a3a4e5322acc9d7747ac7c23","Petro"
"1eed48cf9a9e5c5956c67485","Lopez"
"f22a16209e59efb56935b885","Petro"
"24ce57338dbcbf54393ea60b","Lopez"
"2008b6abbfe2e22f3339cc54","Petro"
"aecff38c4ddd03c7c3b72605","Uribe"
"ea43b0e4418c532fdf69a5e4","Uribe"
"31bd97c2b3a3faac1530606e","Lopez"
"b80beb66fbf7c3b30fa228f6","Uribe"
"22ab2dac3480e1f89477eb72","Lopez"
"a7b02345101d9c96f4052c6a","Petro"
"ee7038810b3b162acca0b151","Uribe"
"4658127e2697661ec23799af","Lopez"
"3794298bda15fe2d21411273","Petro"
"c7124401d5007dd02b744621","Uribe"
"b438c3791323c437fd094883","Lopez"
"2bb551ffdf3a5999c17ad223","Lopez"
"16e99573dd5f89abff0d2acb","Uribe"
"8dd542c8a2249ccd206a35f2","Lopez"
"9bfca66e9550d7934cc40732","Petro"
"9771c03da2c5606d6191da18","Petro"
"8616872efc45db7040b35391","Lopez"
"62ed14e26748644d9e5243f2","Uribe"
"a9bc8834ad5e94864200c9a6","Uribe"
"76f82ef3fde9cb2ef0de7791","Lopez"
"e7254a219d2462990f1fd3dc","Uribe"
"140e3870b01007a54c80af6d","Lopez"
"2798444cbfb5ea944e5c4905","Uribe"
"2563e355f68192725be8335a","Uribe"
"32b89dca21e6ebeb8c9d8ba6","Petro"
"5c00ea42dbea3610b660da4c","Petro"
"7c5521a6303921f2eff5e7ad","Lopez"
"f560b6f01bb0f79280e398bf","Petro"
"085fe3c6e9b538e29d55c495","Uribe"
"268b478d562867dc4184bf46","Petro"
"44fce75126885c963aa7bfa2","Lopez"
"cb62e30d2252a372e071a4f3","Lopez"
"eee5a28bec3ea08f00470b33","Petro"
"8139c5743ee5148aa9075f1d","Uribe"
"9cc22e1bcb818a659c34235e","Petro"
"34d89941aa6519716e08e011","Uribe"
"2c1944b0549ca32ea20b8985","Uribe"
"96ea385c5c8599e7502aeee4","Petro"
"eda790e695cab807c7c7b9ec","Uribe"
"fe025ff399a84daa0dc1a0b5","Uribe"
"5a3fb4b99b9a5c9cf27c4a4f","Lopez"
"4ef5e0661d9a74773c3df830","Lopez"
"8e37d5a426dba0f893bb2036","Petro"
"91144e2ec22e07fae7e3a97f","Lopez"
"d667a27ec35128624d5ba4dd","Uribe"
"675b5a10c5c1ad0c1bf4299c","Uribe"
"7ed000942ffd63bc420de4d5","Petro"
"dbe9f4a106c6a130501b15d1","Lopez"
"a1bd8b0f8d1ab4faf593c2d6","Uribe"
"8e683c7784345140857069ef","Lopez"
"53137084af4e29ffe0d18bb8","Uribe"
"3a2f0f7bc143ef1478e5dc41","Petro"
"660afe00345f1de22ce2d4d5","Lopez"
"95fa64da1ae61e115384bdf5","Uribe"
"16062efe0ccbad022a460055","Lopez"
"616625d083b60f1e03d4b476","Lopez"
"154508e7bc4552f3100b8b5c","Lopez"
"7d6cc214dbd104308abdd751","Uribe"
"7a84aa994e2b1d7efaf97d9f","Lopez"
"831d8673a9a5130bc8773709","Uribe"
"4e377933e2d92d9fe1546ebb","Uribe"
"1259de4c2e25a659199f3268","Uribe"
"4177eca42689e5b03f9f9f46","Petro"
"21099d3f7cc9f7be4e81394e","Lopez"
"0878b35e758340743341a32e","Uribe"
"b4dfe967bacdf5df6a6b7bce","Uribe"
"889492f8e8feb874a61c4a71","Lopez"
"ff8d84cfa637abe988eb92a1","Lopez"
"239b76431fcca865769a0d65","Lopez"
"a61c97cde62b5f8841cc2105","Lopez"
"2cb57bb3a79861bb0e182254","Uribe"
"aa943b01f1d988841d13d081","Petro"
"1e95bbe0812b132df2248723","Lopez"
"bfc5b903813e339d08afb429","Lopez"
"3d5622440f2d6d3cfeeb1a30","Lopez"
"f00afcd1b1b71a823487e83e","Petro"
"b1f857523b14f3af096bc2f0","Lopez"
"502546c8a951385640b5212c","Lopez"
"8dab0f744104005ef287efdd","Petro"
"46bf5f323521dd81e90e1f33","Lopez"
"29097aef6f1a03a20c821dea","Petro"
"a157266c8fa9220bac8c430d","Uribe"
"85dca35e6a66ad31d1f3de18","Uribe"
"c11390d4ea375a5cee7cba38","Petro"
"26bd25595e6f342d18ab95df","Lopez"
"110546a990ba30c73d32da78","Lopez"
"41fbc3772566e1ce98e77b74","Petro"
"ff185bd056fd61749d4478a6","Lopez"
"9193d4a78b16b5dbca32e4c6","Lopez"
"0284518852e9ffee37f15f80","Uribe"
"9b24fbccb9075a1215ce9829","Uribe"
"cdb4c7e91f51d24ebca2fe65","Petro"
"e915b92f1de9ca588098701a","Lopez"
"a213dd84e866c2cf6c7e0223","Petro"
"5f4a8e0f6b628a8d8c861faf","Uribe"
"f1513d76d263cb1dca855318","Petro"
"0d3e7352c260a8c0b32cfc44","Lopez"
"09b7fb533a2dc668e050e141","Petro"
"0142939813f5665bf8c6cb17","Uribe"
"3bcbc28267045b6dab3412cc","Lopez"
"f7ebbfe65ea222504428c25e","Petro"
"8b93adac13d372b64a06293d","Uribe"
"81fc1999c1bf0a347e5b5bda","Lopez"
"db178026b3b16b55e76173da","Lopez"
"bc4819f2502dd621ec7d6496","Uribe"
"c515d4412f176ed120961531","Petro"
"4248d7e8593620e12f5f6f36","Lopez"
"a6a8e4f060ba05ec82facc40","Petro"
"0717410b73e86122560c7c6e","Lopez"
"4cb0fa5b7992de05be411620","Petro"
"42b49031c47ce31b87a28f6e","Petro"
"4fd55cdefa415244ce716730","Lopez"
"cfdd100d824a37abcaa763a7","Uribe"
"eab849db1cbc766b91e8c151","Lopez"
"3f0ff3528586295dd8f2c419","Uribe"
"d0c99d47237fd561bba226e5","Uribe"
"ddad908cf508591f5943b130","Uribe"
"1ea63c5cc5f1211c0fb7df5a","Uribe"
"f19995b3ae031438f682402a","Petro"
"c72aaf4216b032b5f0ed4be8","Petro"
"7bd336f738836c503e08c9b9","Uribe"
"239cf640d80eecf458180a39","Lopez"
"3f44ac29c459482555db5c1d","Lopez"
"c8ee3aab58466cb7e1f1dcf2","Lopez"
"ca4853bf76030b9908b780f3","Petro"
"e89608bdcbb13e6c0f5c759d","Petro"
"8af33ce20f63009c0806346d","Lopez"
"33299d7b1c13c98a955dd9e1","Petro"
"731a21e5260ada463ffcacb7","Uribe"
"7d02cbbf66f02906eae1ee74","Petro"
"0e6fa4b9bd7994fcb43fb735","Petro"
"5822c064b081b56a3bf9753d","Uribe"
"da1ddaaa8a2fdafa98549aec","Petro"
"fbcf070177c1ffc8081e6ca9","Petro"
"d5007a8aadc419e62d6a3711","Uribe"
"46670f4006a13f01c996a5f3","Uribe"
"d3ae40a884ddcb0493e919c0","Uribe"
"0e1069a5e72db04874f13be7","Lopez"
"e36252023934ed36386244cd","Lopez"
"bdba1c618b3267f441b4334a","Uribe"
"61c94fd33c2c3c1e5a874bcb","Petro"
"3f7e0efd099462d7d3f9a8c5","Lopez"
"c983525a1a451cc73c194b20","Petro"
"6068a6d36d23ad9baef84b21","Petro"
"141b44ad86a803c6bc956a4e","Uribe"
"9866c17771f898e825b4e6b6","Petro"
"4af6f516e2e9bbed8e83dbcd","Uribe"
"2f3ded18f892fe6a6c275f12","Lopez"
"c65d6fd5316f754f09957cb4","Petro"
"9a5571094af160754176eda8","Uribe"
"742345d6fffdcba8803bda88","Uribe"
"649d22b944638d02a76a244d","Petro"
"2fbce698c50bbb1251ce38c3","Uribe"
"66fe3c1ee879b9f4f41fccd8","Lopez"
"f0d23aaa6ace4f23ea9c71dd","Uribe"
"467d63e80f67319f81eb5089","Uribe"
"ae865b96771b391f2cfb858f","Petro"
"e0e16ebc38ac5776542c4e31","Petro"
"007bdeb03c21d2f9d469ddad","Lopez"
"1f997156bd2811cf83eda9f2","Petro"
"16af58937d3b125e20d6e587","Petro"
"f879df4c448b818f806dabd8","Lopez"
"6045a77dd04d7618b0ff8b69","Petro"
"c4c84b9c049f9480cbbae0c8","Petro"
"5137653ea939f53daaacc293","Petro"
"9a8873cd3e016e5c85767151","Uribe"
"e4a25731663c3ea7dbf432e5","Lopez"
"aedd2f7d9ba626dff84b9cf7","Petro"
"1140c025d6053f30a1807624","Petro"
"0b4f072497abfceac6e9e832","Lopez"
"e3aa8963b31b17da31924d90","Lopez"
"5c565e2e1b32b258177e5b38","Uribe"
"d78173811a5905c1a5a29f81","Uribe"
"2d137c13f75f1e2eb8b649d0","Uribe"
"23841de906830ab255bd2ddf","Petro"
"9cbd309a0aac99e6f1797ae4","Lopez"
"ac74f771bd5137b9e684d6a6","Uribe"
"a708845fee7db228590edd38","Lopez"
"e1cdf564dcb781dc5e1303e1","Uribe"
"293f95b03a1c5f838d7e23cc","Lopez"
"4d1dc06d6ca8d0da93ceb42a","Uribe"
"db282aa075d8ffb4dc9d72ae","Uribe"
"afaac0a39ec1ea5f58308407","Uribe"
"262b591834494af862ed6f09","Uribe"
"617192c47672548910aca070","Uribe"
